{
    "loss": 0.25903722643852234,
    "accuracy": 0.9224137663841248
}