{
    "loss": 0.2762244641780853,
    "accuracy": 0.8793103694915771
}